{
  "110 Traders Cross|Okatie|SC|29909": [
    32.2941337,
    -80.9442937
  ],
  "1912 Eastchester Drive, Suite 106- K|High Point|NC|27284": [
    36.0117373,
    -79.9819731
  ],
  "146 E Carolina Ave|Hartsville|SC|29550": [
    34.3747826,
    -80.072138
  ],
  "14460 Lakeside Circle, Suite 140|Sterling Heights|MI|48313": [
    42.6199169,
    -82.9861931
  ],
  "10900 NE 4th St Suite 2300|Bellevue|WA|98004": [
    47.6158872,
    -122.196826
  ],
  "4201 Bee Cave Road, Suite C-101|Austin|TX|78746": [
    30.2663749,
    -97.7831084
  ],
  "100 East Town Place, Suite 101|St. Augustine|FL|32092": [
    29.8946952,
    -81.3145395
  ],
  "4055 Lake Washington Blvd, Suite 100|Kirkland|WA|98033": [
    47.6470289,
    -122.2028733
  ],
  "624 West 21st Street|Houston|TX|77008": [
    29.8047513,
    -95.4086361
  ],
  "201 Ridley Avenue, Suite A|LaGrange|GA|30240": [
    33.040911,
    -85.031168
  ],
  "3741 Rome Dr. Suite B|Lafayette|IN|47905": [
    40.4205356,
    -86.8417535
  ],
  "461 Main St.|Tewksbury|MA|01876": [
    42.6198081,
    -71.2571045
  ],
  "350 Pine Street, Suite 730|Beaumont|TX|77706": [
    30.0855709,
    -94.0973697
  ],
  "2850 Cutters Grove Ave, Suite A|Anoka|MN|55303": [
    45.2102144,
    -93.4134883
  ],
  "135 S Main Street Ste. 600|Greenville|SC|29601": [
    34.8485496,
    -82.3997814
  ],
  "309 Wade Drive|Greenville|NC|27858": [
    35.613224,
    -77.3724593
  ],
  "303 Perimeter Center North, Suite 300|Atlanta|GA|30346": [
    33.7544657,
    -84.3898151
  ],
  "100 Elks Club Rd|Brevard|NC|28712": [
    35.231896,
    -82.721809
  ],
  "532 Governor Morrison St, Suite 200|Charlotte|NC|28211": [
    35.1558007,
    -80.8253732
  ],
  "26 Parkway Commons Way|Greer|SC|29650": [
    34.8697435,
    -82.2516931
  ],
  "916 E North First Street|Seneca|SC|29678": [
    34.6865321,
    -82.9527288
  ],
  "128 Millport Circle Suite 200|Greenville|SC|29607": [
    34.8083382,
    -82.2866698
  ],
  "691 98th Avenue North|Naples|FL|34108": [
    26.2607327,
    -81.809661
  ]
}
